Latitude,Longittude,Company Name,,,City
-2.609012,112.403397,Haag Group,,,Bangkal
48.3696989,42.1773513,Jenkins Inc,,,Chernyshkovskiy
52.8186154,20.3301247,"Mitchell, Quitzon and Rosenbaum",,,Glinojeck
48.9088164,13.8865743,Parisian-Satterfield,,,Volary
52.671181,18.78031,"Gusikowski, Johns and Rogahn",,,Krotoszyn
53.8168303,49.0891636,Haley-Kunde,,,Khryashchevka
8.0076463,-80.9815817,Okuneva-Hartmann,,,La Colorada
37.1356467,-8.5174744,"Haag, Gibson and Ankunding",,,Parchal
59.2691081,17.8651957,"Marvin, Weimann and Cummerata",,,Vårby
53.1001509,34.0612529,Rohan LLC,,,Vygonichi
48.9969392,31.4022422,Paucek-Erdman,,,Shpola
54.0295572,15.0548688,"Nikolaus, Schroeder and Zulauf",,,Karnice
11.1051054,122.642712,Rice Group,,,Jaguimitan
30.89441,120.086809,Schumm-Stroman,,,Huzhou
42.9786866,141.8352113,Rempel Group,,,Iwanai
39.6611469,20.1789757,Hirthe-Cremin,,,Konispol
39.160163,117.201917,Hamill LLC,,,Jietou
50.0360024,22.0152079,"Bailey, Botsford and Fahey",,,Rzeszów
56.0586318,21.5677773,Rempel and Sons,,,Salantai
14.5508865,121.0075554,"Morar, Zulauf and Greenholt",,,San Antonio
41.226934,-8.3815652,Morar Group,,,Valinhos
59.9026039,10.767309,Hilpert-Kuhn,,,Oslo
30.762716,115.190725,"Huels, Wehner and Champlin",,,Dandian
50.1801755,28.7362455,Kovacek-Beer,,,Ozerne
42.3416847,69.590101,"Bradtke, Von and Ernser",,,Shymkent
43.5827565,19.5266606,Simonis Inc,,,Priboj
38.6244719,21.4095934,"Kreiger, Murazik and Bernier",,,Agrínio
27.582186,113.358645,Watsica Inc,,,Shanling
17.1939768,120.4485002,Parker Group,,,Candon
26.8844636,-81.734942,"Johns, Stiedemann and Kub",,,Punta Gorda
24.629264,118.041444,Zulauf Group,,,Houxi
52.2802311,10.5390217,"Doyle, Schuppe and Walsh",,,Braunschweig
49.7370109,17.427878,"Balistreri, Goodwin and Lynch",,,Město Libavá
35.7029747,53.3420351,Ruecker Inc,,,Mahdishahr
33.6835086,-7.3848547,Langworth and Sons,,,Mohammedia
37.705473,22.7494193,Krajcik and Sons,,,Monastirákion
43.5370504,24.7458579,Little LLC,,,Gulyantsi
45.3727904,40.829856,Raynor and Sons,,,Ventsy
38.6754819,46.1117612,Berge Group,,,Varazqān
41.005341,71.236153,Leffler and Sons,,,Namangan Shahri
18.4520713,1.4096535,"Hoppe, Hoeger and Bins",,,Kidal
-7.0606502,108.9264524,Williamson-Heathcote,,,Larangan
14.6561238,-16.2345633,Schaden-Bauch,,,Diourbel
49.8368614,20.6802794,"Mosciski, Koss and Daugherty",,,Czchów
44.6381341,41.9381568,Sipes LLC,,,Nevinnomyssk
-6.201062,106.5746124,Ledner-Weber,,,Jatake
50.4273892,124.1226608,"Schmidt, Jacobson and Dibbert",,,Gaoxing
32.9578909,-102.8518139,"Smith, Ebert and Wiza",,,Amarillo
27.734109,112.535036,Marks LLC,,,Xiangxiang
40.4690667,-8.1110545,"Orn, Bailey and Fisher",,,Soito
-7.3032329,108.6591293,Fisher LLC,,,Majingklak
45.4032761,-73.9503607,Hermiston-Ruecker,,,Sainte-Anne-de-Bellevue
-24.9852879,-55.1513801,"Schroeder, Walker and Lind",,,Itaquyry
41.410051,-7.4489531,Mann and Sons,,,Murça
41.4378689,2.196618,Luettgen LLC,,,Barcelona
-10.459783,-40.1868956,Gutkowski-Dooley,,,Senhor do Bonfim
52.1949456,35.0572656,Durgan Inc,,,Pervoavgustovskiy
47.6329545,7.4839022,"Batz, Hermann and Medhurst",,,Saint-Louis
38.79,-77.19,"Abernathy, Kuvalis and Balistreri",,,Springfield
37.7378509,138.7970925,Hoppe-Franecki,,,Naze
24.588267,115.415276,"Hegmann, Luettgen and Funk",,,Mabugang
14.6592829,121.0483527,Connelly LLC,,,Naga
14.5925105,121.0404991,Schaden-Weber,,,Pilar
12.9447713,121.7248195,Predovic-Schumm,,,Mahaba
-6.5472126,106.8384873,Rolfson-Dooley,,,Pasirlaja
-13.1638737,-74.2235641,"Bednar, Ratke and Rau",,,Pujocucho
37.489877,117.509921,Friesen-Kulas,,,Huimin
57.1785037,14.0676645,"Bruen, Christiansen and Jaskolski",,,Värnamo
38.7554084,-9.3408903,"Robel, Donnelly and Turner",,,Varge Mondar
14.5891663,-90.5326336,Goldner-Hartmann,,,Monjas
40.77,-73.53,"Kshlerin, Senger and Watsica",,,Hicksville
53.948639,46.6995979,Fahey-Schoen,,,Glotovka
61.126827,10.4388999,Hauck-Kiehn,,,Lillehammer
-32.9817511,-60.6944851,"Donnelly, Gleichner and Hettinger",,,Camilo Aldao
35.5138298,24.0180367,"Rolfson, Mann and Kuvalis",,,Chaniá
-25.4302418,-55.2590707,"Ziemann, Moen and Wintheiser",,,Doctor Juan León Mallorquín
31.627447,121.022581,Walsh LLC,,,Henglu
31.6173469,131.0471926,"Koelpin, Russel and Beer",,,Miyakonojō
41.4636032,69.1809574,Mitchell-Bashirian,,,Saryaghash
48.9875598,2.2971584,Carter Group,,,Soisy-sous-Montmorency
50.1676885,23.0349969,Parker-Mosciski,,,Oleszyce
22.919769,113.618216,"Gusikowski, Stoltenberg and Franecki",,,Chatian
41.375722,121.781518,Cole-Reilly,,,Goubangzi
30.402167,112.899762,Rolfson-Zboncak,,,Qianjiang
27.661918,120.565793,"Ledner, Spinka and Marquardt",,,Pingyang
39.1285479,-9.0355159,"Cronin, Terry and Haley",,,Estribeiro
28.644598,77.069038,Wilderman-Murazik,,,Hema
36.10306,127.48889,"Mante, Renner and Vandervort",,,Kinzan
48.8312275,16.0250895,Weissnat-Trantow,,,Konice
34.75,10.78333,"Gleason, Heaney and Rippin",,,Al Qarmadah
-2.3496095,29.7512903,Johnson Group,,,Nyanza
41.303548,-8.7353479,Hessel and Sons,,,Vila Chã
36.0457187,-115.3133908,Torp Inc,,,Las Vegas
7.05,124.58333,Mohr Inc,,,Punolu
40.2047139,44.5128424,"King, Ondricka and Kemmer",,,Karanlukh
48.8480625,2.3300993,Torphy LLC,,,Paris 06
30.037192,121.154634,"O'Keefe, Kovacek and Considine",,,Yayao
-8.39427,116.3426552,Fritsch Group,,,Santong
50.62508,19.3633201,Batz and Sons,,,Żarki
14.8751623,-86.1828047,Effertz-Connelly,,,San Francisco de la Paz
31.074834,109.879153,"Veum, Bayer and Durgan",,,Wushan
-1.5034616,29.6325305,King Inc,,,Musanze
-6.1382732,-77.0967357,Parker Group,,,Soritor
-19.6513424,47.3266162,Ernser-Wolf,,,Antanifotsy
11.4384457,5.2318879,Dooley-Bernhard,,,Zuru
35.8250555,128.7415441,"Stroman, Rolfson and Windler",,,Gyeongsan-si
59.3362401,18.0232365,Reichel-Hyatt,,,Stockholm
-17.4956441,-149.8728273,Ratke-Olson,,,Papetoai
34.71421,106.23546,Moore-Predovic,,,Taishihe
-6.312525,106.1049278,"Stark, Gulgowski and O'Connell",,,Gardutanjak
30.2646273,78.5064473,Hodkiewicz LLC,,,Dagar
18.8826771,-96.935003,Heathcote-Collier,,,Guadalupe
15.2256074,100.6599899,"Raynor, Hane and White",,,Nong Muang
9.891058,-84.081696,"Daniel, O'Reilly and Yost",,,San Rafael Abajo
-7.1480086,107.8995629,"Maggio, Mills and Ondricka",,,Warungpeuteuy
-24.2298687,-65.1737343,Ullrich-Little,,,Yerba Buena
55.8697739,48.5236711,Bashirian and Sons,,,Zelenodolsk
52.1557661,11.5721966,"Parker, Jaskolski and Dach",,,Magdeburg
29.2083348,72.8578648,Murray-Schmitt,,,Fort Abbās
25.290184,117.419998,Wisozk and Sons,,,Zhangping
49.4660029,1.0736574,Nitzsche-Anderson,,,Mont-Saint-Aignan
-7.0090256,23.4537973,"Ebert, Lehner and Stracke",,,Mwene-Ditu
49.1333104,13.740288,Auer Group,,,Vacov
49.9344975,13.390365,"Crooks, Schamberger and Gaylord",,,Plasy
-3.9389,134.9696,Pfannerstill Group,,,Kiruru
14.283333,45.6,Hagenes-Yost,,,Al ‘Āqir
54.6940627,36.0216999,"Ferry, Morissette and Ritchie",,,Zhiletovo
41.11028,21.01139,Brown Group,,,Jankovec
3.8353843,103.2901816,Zieme-Corwin,,,Kuantan
28.201266,114.606141,"Watsica, Oberbrunner and Bins",,,Zhendu
-8.2484009,111.8151245,Blick Inc,,,Besole
27.5566857,107.0336505,Goyette and Sons,,,Longping
43.3177929,-1.9814245,"Mitchell, Hansen and Batz",,,Donostia-San Sebastian
40.2115069,19.6892266,"Hills, Beahan and Ruecker",,,Vranisht
-24.2481501,-54.7576819,"Gusikowski, Zulauf and Schinner",,,Colonia Catuete
29.3728871,113.1149933,"Champlin, Breitenberg and Wunsch",,,Gaopeng
31.57551,35.01223,Bechtelar-Hartmann,,,Tarqūmyā
54.9428925,20.2216245,Mertz-Price,,,Pionerskiy
38.3559764,140.3748668,"Marquardt, Quitzon and MacGyver",,,Tendō
37.646108,120.477813,Carter and Sons,,,Longlou
0.2827307,34.7518631,Thompson Group,,,Kakamega
41.2479207,-8.3626963,Carroll-Medhurst,,,Sobrosa
41.2771802,-8.5427054,Kling and Sons,,,Fonteleite
4.761738,-74.464018,"Mueller, Rau and Corwin",,,Anolaima
30.6701145,31.5883709,"Cummerata, Brown and Stokes",,,Hihyā
11.4820004,122.3040009,Von Group,,,Manika
-6.1827598,106.8270521,"Greenfelder, O'Conner and Ziemann",,,Potet
36.520625,101.356947,"Luettgen, Bogisich and Little",,,Daqian
33.7403041,130.9463113,"Jacobs, Kris and Corkery",,,Okazaki
23.396201,103.364905,Spinka-Goyette,,,Mengzhai
39.9041999,116.4073963,"Von, Haley and Strosin",,,Beixiang
8.3796569,123.4261608,Wiegand LLC,,,Sergio Osmeña Sr
-7.0453363,108.2347863,"Brekke, Hoppe and Breitenberg",,,Werasari
-12.8010669,-76.5257007,King-Koepp,,,Asia
0.3391763,-78.1222336,Mante-Wilkinson,,,Ibarra
1.6154718,16.0463837,Zemlak Inc,,,Ouésso
-16.4962793,-68.1372784,"McLaughlin, Weissnat and Goyette",,,San Francisco
31.32847,118.892085,Bergnaum-Nikolaus,,,Gaocun
-13.7795533,34.458641,"Johnston, Bailey and Blick",,,Salima
32.6180396,110.7762387,Little LLC,,,Qinglian
31.5707334,73.4895102,"Schroeder, Bergstrom and Flatley",,,Shahkot
42.078622,126.908717,Prohaska-Wolf,,,Hepingjie
-7.0487503,108.5314753,Effertz LLC,,,Pamupukan
6.964703,79.881693,Torphy and Sons,,,Peliyagoda
45.9380817,16.7806658,"Nicolas, Hirthe and Rutherford",,,Predavac
-18.0833977,-39.5499731,Green and Sons,,,Mucuri
23.696329,117.433977,Kuhn-Pollich,,,Xibu
46.8311732,35.7512432,"Brakus, Moore and Crist",,,Novovasylivka
21.778714,107.751231,Koch-Kihn,,,Gaopi
49.6994861,16.4312865,"Abernathy, Dicki and Kreiger",,,Radiměř
37.97,-87.5699999,Cassin Inc,,,Evansville
-14.12,-71.47278,Blick LLC,,,Mosoc Llacta
-8.3833419,118.7256312,Schmidt-Hamill,,,Kolo
37.955893,23.7020975,Wisozk Inc,,,Kallithéa
46.019373,15.4759099,Watsica-Bergnaum,,,Senovo
37.520481,115.251124,Dickinson Inc,,,Xinhe
33.5282289,55.0396912,"Schmitt, Roberts and Steuber",,,Garmeh
-38.5084312,-72.4541343,Gleichner-Nicolas,,,Lautaro
50.749001,15.702767,Moen Inc,,,Karpacz
-14.5460011,48.7542899,Wilderman-Considine,,,Bealanana
-6.2829488,107.0833701,Kessler LLC,,,Cibitungmasjid
18.8539206,-71.3009387,"Renner, Walsh and Carroll",,,Punta Cana
14.5165603,121.2786716,Farrell and Sons,,,Hanggan
10.3057678,105.7468535,Brakus-Fahey,,,Sadek
26.11,-80.3,Nicolas LLC,,,Fort Lauderdale
9.9847566,10.9510315,Prosacco-Larson,,,Pindiga
37.7937857,22.8003951,Gorczany-Cronin,,,Áyios Vasílios
52.6806269,20.6620485,"Gottlieb, Howe and Von",,,Nowe Miasto
7.2077348,100.595029,Adams and Sons,,,Sadao
41.3349436,-6.9646803,Herzog-Kihn,,,Pereira
32.200197,118.41697,"Emmerich, Quigley and Bayer",,,Nianqiao
30.406007,110.971573,Heathcote-Nikolaus,,,Duzhenwan
-7.3198199,112.7420274,Hudson-Muller,,,Wonocolo
59.3398021,18.0802922,"Sporer, Schultz and Fadel",,,Stockholm
35.1541677,37.2089056,Auer LLC,,,Şabbūrah
-8.219061,128.941023,"Littel, Boehm and Nikolaus",,,Laleng
13.32887,44.21708,"Daugherty, Johnson and Emard",,,Aş Şalw
8.0419777,125.1086998,"Heller, Yost and Moore",,,Bugcaon
4.566637,-75.75012,Cole Group,,,Montenegro
25.575165,111.824739,Considine and Sons,,,Zhoujia
-11.7198172,43.2630304,"Kuphal, Weber and Boyer",,,Mavingouni
41.7730238,123.3561121,West and Sons,,,Shuangxing
-32.0288506,-53.3936083,Schinner-Bode,,,Herval
41.2922523,-8.6325611,"Ortiz, Hahn and Howell",,,Guilhabreu
-8.3083083,112.7211714,"Bernhard, Maggio and Lind",,,Ringin Kembar
22.995838,113.933872,Greenholt-Walter,,,Dongkeng
34.852159,117.564229,Weissnat and Sons,,,Jingyao
53.9858812,16.9811758,Metz Inc,,,Miastko
47.4430894,-122.327464,Leannon LLC,,,Seattle
-1.259553,104.100502,Schimmel-Altenwerth,,,Simpang
4.7300121,96.8619045,Mante Group,,,Banjar Tiga
41.620793,-8.488318,"Boyer, Crist and McDermott",,,Sobreiro
33.3457623,130.785523,Kuhic-Jones,,,Sakurai
45.0169373,39.1009227,"Quitzon, McKenzie and Sawayn",,,Pashkovskiy
32.629398,110.798266,"Schiller, Sipes and Shanahan",,,Shiye
-8.2132323,-71.3824374,Toy and Sons,,,Tarauacá
30.830898,120.92585,"Harris, Treutel and Beatty",,,Jieshan
26.022703,119.602109,Wisoky-Hickle,,,Tantou
-34.058086,18.6133549,"Orn, Schuster and Hudson",,,Riversdale
-34.7725956,-58.6529983,Yundt Inc,,,Sunchales
28.906106,111.970514,"Johns, Ortiz and Fisher",,,Hanshou
56.3464983,21.065493,Jacobs Inc,,,Nīca
55.9180886,39.1784374,Kreiger-Mertz,,,Pokrov
37.6092461,61.8643252,Goodwin-Rohan,,,Mary
-14.10472,-72.6125,Cremin-Tillman,,,Ayrihuanca
43.411002,5.0434979,Greenfelder LLC,,,Martigues
15.3388555,100.1479182,Simonis LLC,,,Manorom
40.8536972,111.6568972,"Bosco, Rowe and Stiedemann",,,Wujiayao
-23.701721,-52.6600232,Will-Wiegand,,,Cianorte
4.974252,-74.291386,Hahn-Lakin,,,San Francisco
57.8287842,29.9634297,Wyman Group,,,Dno
-37.7758475,-67.7134201,Pouros-Swaniawski,,,Jacinto Arauz
7.7713572,-72.2261466,Medhurst Group,,,San Cristóbal
22.995838,113.933872,"Trantow, Stokes and Hagenes",,,Dongkeng
-7.783297,110.363649,Miller-Stiedemann,,,Jetis
48.8255395,16.8482236,Christiansen Inc,,,Podivín
-7.150975,110.1402594,"Wuckert, Roberts and Kuhlman",,,Tengah
12.3390296,-83.6747342,Harvey and Sons,,,Laguna de Perlas
61.1174188,28.5010914,"Hane, Feest and Kilback",,,Joutseno
31.2357377,121.5054068,Leuschke-Witting,,,Maodian
-9.5701,124.3556,"Rowe, Russel and Ryan",,,Oenaik
-34.9044677,-58.5743103,O'Kon Group,,,Marcos Juárez
-3.446207,30.2512728,"Hauck, Jakubowski and Okuneva",,,Ruyigi
45.54,-122.66,"Moen, Reinger and Monahan",,,Portland
52.7441662,17.3278637,"Cummerata, Rodriguez and Jast",,,Mieścisko
0.845865,108.8796091,"Mitchell, Walsh and Collier",,,Pasirpanjang
42.22609,129.20776,Cummerata LLC,,,Musan-ŭp
50.10186,19.42228,Stracke and Sons,,,Pogorzyce
-14.1968614,-41.6809724,"Franecki, Kshlerin and Predovic",,,Brumado
-7.5002292,107.9739244,"Langosh, Pacocha and Lang",,,Mangkon Daja
8.7407047,124.7777043,"Marvin, Paucek and Predovic",,,Balingasag
52.4458588,-9.5003786,Muller LLC,,,Fermoy
30.049992,121.159547,Goldner-Wehner,,,Dongyu
6.8072494,29.6788877,Mertz Inc,,,Rumbek
46.426574,14.0833019,Lockman-Johns,,,Slovenski Javornik
59.2695504,18.0574637,Bartell-Prohaska,,,Bandhagen
22.69569,112.225334,"Daniel, Ondricka and Kutch",,,Xinxing
38.995854,117.688815,Hermiston-Hilll,,,Yujiawu
34.8015007,135.5624945,"Skiles, Turcotte and Parisian",,,Tennō
8.1713638,-72.1712309,"Wunsch, Casper and Beer",,,Las Mesas
51.7192247,20.5223046,VonRueden Inc,,,Sadkowice
30.134451,114.829374,"Bosco, Bartell and McGlynn",,,Jinshandian
31.793861,117.309522,Schmeler Group,,,Baohe
9.2214675,122.8845373,Harris Group,,,Manalongon
28.423436,109.006211,Jones LLC,,,Pingkai
-7.1260248,107.8909697,"Erdman, Larson and Schulist",,,Haruman
28.430921,115.969683,"Beatty, Schaden and Sporer",,,Xiangtang
-21.2105166,-47.625836,Murray-Schultz,,,Serrana
31.768319,35.21371,Ortiz and Sons,,,West Jerusalem
25.6538807,-100.1522213,Tillman LLC,,,La Reforma
51.2487152,21.5754229,"Hoppe, Walsh and Olson",,,Ciepielów
51.924574,4.616419,Brakus Inc,,,Krimpen aan den IJssel
-8.6489,120.7616,"Kertzmann, Mertz and Sauer",,,Nggelok
48.7720518,2.4921227,Olson-Konopelski,,,Bonneuil-sur-Marne
-9.7923047,124.4669566,Keebler-Konopelski,,,Sopo
38.4099999,-82.4599999,Jacobi Inc,,,Huntington
52.4630512,-113.7286241,Wintheiser-Rath,,,Lacombe
34.29922,108.490475,Cartwright Group,,,Qingping
40.7392836,-73.9887809,Kunde-Upton,,,Harding
35.86166,104.195397,"Doyle, Hahn and Mann",,,Chiba
59.3164285,18.0590482,Mraz-Conn,,,Stockholm
9.5646371,37.0990498,"Mills, Stiedemann and Bins",,,Shambu
-8.5943,115.0906,"Quigley, Kunde and Morar",,,Banjar Pangkungtibah Selatan
-19.9952622,23.4180769,Brakus-Breitenberg,,,Maun
-8.3661233,115.674668,Lowe-Stanton,,,Bunutan
49.5236512,25.7558517,Stanton Group,,,Velikiye Borki
56.2208485,51.0782323,Ortiz Inc,,,Vyatskiye Polyany
7.1069627,39.2011716,Pagac-Ferry,,,Āsasa
-27.4308908,-65.6147813,"Koepp, Wunsch and Konopelski",,,Aguilares
-4.9843552,-44.4370606,Vandervort Group,,,Dom Pedro
59.9000274,150.8632131,Dare-Leannon,,,Uptar
39.6812698,-8.5246084,Hagenes-Bailey,,,Seiça
-33.93274,151.188577,Kuphal Inc,,,Eastern Suburbs Mc
-3.0114,133.7626,Schumm and Sons,,,Bofuer
52.4000431,4.7642491,Powlowski-O'Hara,,,Amsterdam Westpoort
10.018056,125.663981,Romaguera and Sons,,,Cagdianao
12.8513784,121.4666549,Weissnat LLC,,,Malayal
13.874099,120.972283,Gulgowski LLC,,,Santa Teresita
55.045149,32.721561,"Ferry, Grant and Parker",,,Yartsevo
40.9156544,24.2547455,Lang-O'Hara,,,Eleftheroúpolis
-13.2583689,-72.2642679,Berge-Zulauf,,,Lahuaytambo
8.1620514,-12.4351923,"Gorczany, West and Brekke",,,Moyamba
36.4707823,140.5615795,"Batz, Maggio and Orn",,,Funaishikawa
45.05426,41.1051314,"Bode, Treutel and Ankunding",,,Krasnaya Polyana
30.518048,117.134282,Simonis and Sons,,,Gushui
29.878738,52.8205515,"Paucek, Halvorson and Doyle",,,Marvdasht
30.777355,113.696298,Moore-Hamill,,,Mahe
51.221186,31.3264382,"Boehm, Abbott and Collier",,,Olyshivka
42.4914204,-2.522269,Lockman Group,,,Logroño
-13.796667,-73.988056,Considine-Schroeder,,,Cayara
-6.2433851,105.9200531,Heller Inc,,,Cibojong
36.164846,-115.155709,"Witting, Effertz and Schuster",,,Las Vegas
-6.9870354,107.7547383,Goodwin Group,,,Bojongloa
6.6548369,8.7976937,"Rippin, Hermiston and Schuppe",,,Ogoja
36.8414494,-2.4567059,"Walker, Glover and O'Hara",,,Almeria
41.6445836,0.587269,Johnson-Okuneva,,,Lleida
-8.2637032,113.5371368,"Boehm, Leffler and Turcotte",,,Balung
51.5275957,17.2712122,Stanton Inc,,,Milicz
31.762742,120.113289,Cruickshank and Sons,,,Hengshanqiao
-6.1037944,106.9145244,Yost Group,,,Kendaruan
31.491169,120.31191,"Bartoletti, Green and Pacocha",,,Wuxi
49.5792067,21.9487589,"Runte, Terry and Dietrich",,,Besko
22.1599753,-80.4437781,"Konopelski, Kuhic and Vandervort",,,Cienfuegos
-8.0509691,112.6034763,Upton-Dietrich,,,Genengan Kulon
47.666307,-2.7887335,Cartwright Inc,,,Vannes
-6.9586901,107.5534739,Mertz Group,,,Rahayu
-34.6562639,-58.421763,"Ryan, Green and Haag",,,Tilcara
-9.27793,-76.7193829,Hackett Group,,,Singa
36.7243344,71.6131931,Beahan LLC,,,Ishqoshim
12.8207931,-84.2002101,"Toy, Crist and Mertz",,,Nuevo Amanecer
47.747102,122.831186,"Reilly, Wilderman and Zboncak",,,Qinggis Han
4.4308445,8.941094,Erdman-Barrows,,,Bamusso
39.9658255,-0.0419877,"Douglas, Ledner and Lesch",,,Castellon De La Plana/Castello De La Pla
-7.6374665,112.8880068,"Larkin, Wolf and Crist",,,Gadingrejo
23.021478,113.121435,Hagenes-Schaefer,,,Mufushan
41.8186298,46.2781308,Crist-Zulauf,,,Lagodekhi
14.7292113,-88.0338631,Conn-Bernier,,,San José de Comayagua
-7.7285206,110.7897275,Parisian Inc,,,Tawangsari
14.5975238,-91.7270911,"Kerluke, Lubowitz and Kub",,,El Asintal
14.5699334,121.0204582,Rempel Group,,,San Jose
25.881342,116.00261,Gorczany-Bartoletti,,,Shazhouba
1.08142,100.24475,O'Hara and Sons,,,Dalududalu
49.9511113,35.9407539,Nicolas and Sons,,,Lyubotyn
15.3098074,120.8551691,Wintheiser LLC,,,Pulo
29.117096,110.479191,"Gerhold, Bashirian and Effertz",,,Zhangjiaji
45.7417486,4.8867899,"Watsica, Prosacco and Heidenreich",,,Lyon
46.176012,129.425798,Kirlin-Metz,,,Dalianhe
26.733954,107.943601,Bode-Bosco,,,Shuangyuan
32.458113,-116.9193767,Rodriguez Group,,,Providencia
14.5806413,121.0036417,"Zemlak, Konopelski and Haag",,,Santa Maria
14.514787,-87.3996765,"Boyle, Friesen and Lowe",,,Vallecillo
23.7321074,-103.9832684,Koelpin Group,,,Vicente Guerrero
60.392798,5.3223461,Berge-McDermott,,,Bergen
48.3441198,33.5244801,Christiansen-Will,,,Zhovti Vody
31.919928,35.036911,Stiedemann-Durgan,,,Kfar NaOranim
35.23619,-3.95453,"Cormier, O'Conner and Stoltenberg",,,Tirhanimîne
37.646108,120.477813,"Bergnaum, Rogahn and Wehner",,,Langkou
37.4784878,126.8642888,"Hartmann, Terry and Lang",,,Kwangmyŏng
-8.8026959,121.9792205,Hessel and Sons,,,Aeteke
-3.565921,114.7855271,"Wunsch, Littel and Friesen",,,Batibati
-7.0795248,109.0869316,"Krajcik, Hickle and Hayes",,,Banjaranyar
-9.6670621,124.3754414,Keeling Group,,,Polen
56.16667,22.1,Satterfield Inc,,,Seda
23.4464152,120.2570421,Hagenes Inc,,,Puzi
55.1952113,32.4000893,Carter-McCullough,,,Dukhovshchina
39.5160073,-8.5405003,"Ferry, Marvin and Zieme",,,Carvalhal da Aroeira
-7.3354943,108.230338,Green and Sons,,,Cikalang
-3.3339824,-58.5543821,"Cassin, Raynor and Conn",,,Itacoatiara
49.660465,32.3448813,Thiel-Wolff,,,Chornobay
60.7905791,24.9298029,"Mitchell, Streich and Strosin",,,Hausjärvi
-7.1701665,108.3296983,"Reichert, Denesik and Wintheiser",,,Sukaraharja
-6.3818749,105.8862812,Koepp Group,,,Dahu
9.791337,-74.7975249,Raynor-Zieme,,,Plato
27.9983088,113.3287943,Dibbert-Greenholt,,,Zhentou
-19.8078961,-43.9875878,Zulauf-Breitenberg,,,Brodósqui
47.55717,106.96333,"Block, Conroy and Treutel",,,Höshigiyn-Ar
-25.9480519,31.1338071,"Simonis, McClure and Hermann",,,Bulembu
31.336174,109.898233,Raynor LLC,,,Yaozhanzi
9.1681467,8.9245343,Olson-Parker,,,Bokkos
41.1604713,-7.7452871,"Hermiston, O'Kon and Gaylord",,,Portela
32.2746515,35.8960765,Johns Group,,,Jarash
27.2674027,31.151928,"Hauck, Gottlieb and Funk",,,Abnūb
43.834689,90.286028,Leffler-Ratke,,,Mori
12.1409532,123.2760396,Gorczany-Leuschke,,,Canomoy
19.75,-104.016667,Stoltenberg Group,,,El Limon
36.284107,100.620031,"Gulgowski, Cassin and Hamill",,,Gonghe
45.2969275,14.2723701,Schumm-Ryan,,,Lovran
48.816388,44.4777899,Pacocha and Sons,,,Gorodishche
8.9917373,40.1631879,Morar and Sons,,,Āwash
49.893413,16.028504,West-Donnelly,,,Luže
4.968157,-73.490098,Ernser LLC,,,Guayatá
21.941555,111.426122,Tremblay Inc,,,Bajia
17.5899708,120.4017314,"Schowalter, Zboncak and Brakus",,,Bantay
-6.6211529,106.794275,Bergstrom-Morar,,,Cibeureum Satu
14.641514,-61.0512822,"Dickinson, Spencer and Emmerich",,,Fort-de-France
22.919228,115.652151,Bogan and Sons,,,Lufang
38.135005,114.955312,Mayer-Fisher,,,Zhangduangu
50.63258,87.96046,Lind-Zboncak,,,Ust’-Ulagan
-8.4985,123.5226,Kling-Marvin,,,Waiwejak
18.1096868,-95.8803869,Kuhic-Kovacek,,,Loma Bonita
37.99,-84.52,Dickinson and Sons,,,Lexington
19.2579,-72.517319,VonRueden-Turcotte,,,Dessalines
31.259822,121.525727,"Smitham, Jaskolski and Stamm",,,Yingpu
22.863502,114.333767,"Reichert, Powlowski and Fahey",,,Xinxu
-25.4106487,-57.3609511,Mertz Group,,,Itauguá
52.793043,18.231232,Berge-Wisoky,,,Inowrocław
44.7783548,19.5985451,Bode LLC,,,Štitar
46.5450722,39.5813214,Hermann-Marvin,,,Kushchëvskaya
40.039342,116.260921,Moen Inc,,,Shuyuan
17.29788,43.38718,Homenick LLC,,,Al Hijrah
13.2881184,-87.0336925,Kessler-Strosin,,,Corpus
59.6794853,18.67843,"Murray, Baumbach and Adams",,,Norrtälje
13.38855,144.65852,"Runolfsson, Huels and Kovacek",,,Agat Village
41.535,60.34556,Pacocha Group,,,Qŭshkŭpir
-21.6733002,-49.7471388,Wiza and Sons,,,Lins
54.9675,41.75083,"Lesch, Wolff and Wilkinson",,,Yelat’ma
14.5891663,-90.5326336,Purdy LLC,,,Monjas
54.8133814,29.7063314,Borer-Turner,,,Syanno
31.80347,66.32376,"Fritsch, Grady and Jacobi",,,Shahr-e Şafā
-25.7394696,28.3508883,Wisozk LLC,,,Burgersfort
7.8715342,5.0728823,Hermiston-Rolfson,,,Ipoti
9.9298167,-73.9590333,"Stiedemann, Parisian and Mann",,,Ariguaní
36.706962,119.161748,"Cassin, Hackett and Heller",,,Weifang
45.4347317,-73.1728734,Kuhlman LLC,,,Marieville
-7.4111208,108.1221146,"Heller, Bode and Olson",,,Sukasenang
30.134451,114.829374,"Schulist, Gaylord and Schultz",,,Jinshandian
-9.8492904,119.7371425,"Fisher, Schulist and Ryan",,,Praimarada
13.648096,16.493598,"Renner, Rogahn and Quitzon",,,Moussoro
60.1163207,32.3008149,Will LLC,,,Issad
4.3378413,98.0717968,"Bosco, Hoppe and Little",,,Karangbaru
45.0058742,39.06949,Haag-Murphy,,,Nikol’skoye
48.3441198,33.5244801,"Connelly, Brakus and Hackett",,,Zhovti Vody
40.9271303,22.0160467,"Buckridge, Schaefer and Hintz",,,Polykárpi
-8.5068536,115.2624778,"Swift, Bashirian and Bins",,,Ubud
17.8886522,-76.3897733,"Bashirian, McCullough and Okuneva",,,Morant Bay
38.0426062,23.7536323,"Hilll, Stanton and Anderson",,,Néa Ionía
27.5331693,68.7254605,Kris LLC,,,Khairpur
36.9522824,26.9807653,"Fisher, Koepp and Hodkiewicz",,,Kálymnos
50.4974447,31.7833183,Parisian LLC,,,Zgurovka
21.9868109,90.295166,Quigley-Bode,,,Uttar Char Fasson
19.4458447,-99.1497664,"Marvin, Schumm and Marks",,,Buenavista
31.6903638,-106.4245478,"Ondricka, Gleason and Moen",,,Juarez
22.814304,115.955191,Lehner and Sons,,,Hudong
42.16964,22.11617,Dickens Inc,,,Ранковце
37.0098187,-76.4273844,Auer Inc,,,Newport News
48.3343908,24.8195808,Kassulke-Adams,,,Kosmach
49.8381802,20.9789037,Bednar LLC,,,Gromnik
19.379122,-99.1097687,Wehner-Grant,,,La Purisima
54.11215,-9.151825,Simonis Group,,,Ballina
46.791046,4.840663,"Bartoletti, Bartell and Boyle",,,Chalon-sur-Saône
50.4254568,30.5176371,Schumm-Lowe,,,Chervonoarmiys’k
4.682198,9.3215345,Hammes and Sons,,,Bekondo
47.7498348,27.9466224,Borer LLC,,,Sîngerei
13.3846598,-88.5045477,"Jaskolski, Nikolaus and Zboncak",,,Ozatlán
56.4441479,52.2293876,"Kreiger, Brown and McKenzie",,,Mozhga
54.0077659,16.0063249,Gerlach-Monahan,,,Białogard
21.3971282,106.71167,"Wiza, Kling and Barrows",,,Tân Hòa
-6.8426021,111.8747445,"Zboncak, Boyle and Johns",,,Mliwang
36.886546,121.456161,"Koss, Wolff and Pfeffer",,,Rushanzhai
-7.5450262,111.6556388,"Schulist, Mraz and Torp",,,Krajan
65.4026,21.1886684,Lubowitz Group,,,Öjebyn
49.2337681,2.8874923,"Kuphal, Lehner and Gutmann",,,Crépy-en-Valois
44.8178615,-0.2498116,Walter-Leuschke,,,Vincennes
43.2625974,23.6556259,"Ullrich, Russel and Leffler",,,Vratsa
59.2848437,18.0834974,Quigley-Gutkowski,,,Enskede
47.3591366,2.8002946,Leannon-Paucek,,,Orléans
-32.9867567,-60.644128,Huel and Sons,,,Laprida
51.2804955,9.4266475,Ankunding Group,,,Kassel
41.9623047,101.0745036,Walker Inc,,,Wentugaole
50.810462,16.2478969,Quitzon-Friesen,,,Szczawno-Zdrój
-21.9703146,-44.9199695,"Glover, Schneider and Brown",,,Caxambu
48.8706152,2.2289339,Ratke-Emmerich,,,Suresnes
15.4644779,-86.3326058,"Kuhic, Torp and Douglas",,,Bálsamo Oriental
46.8485653,34.3804247,"Gleichner, Spinka and Goyette",,,Nyzhni Sirohozy
-0.8761629,131.255828,Bechtelar and Sons,,,Sorong
7.766667,-71.466667,Walker Inc,,,Santa María de Caparo
13.5936457,123.5205279,"Kuphal, Schroeder and Ullrich",,,Sañgay
44.6381341,41.9381568,"Heaney, Glover and Spencer",,,Nevinnomyssk
46.85628,83.12263,Shields-Emmerich,,,Axili
59.6443858,33.541032,"Rath, Graham and Muller",,,Tikhvin
-6.4185424,106.8502879,Padberg-Schiller,,,Sukamaju
39.179865,117.207298,"Gleason, Stroman and Sauer",,,Tiedonglu
59.3178128,18.0285502,Pfeffer Group,,,Stockholm
-6.2163932,106.8643671,Hegmann-Senger,,,Pasar Kulon
14.4390514,102.7190771,Wyman-Kozey,,,Pakham
57.6294504,53.0252053,Zieme-Brekke,,,Fakel
49.0422777,2.03776,McKenzie LLC,,,Cergy-Pontoise
52.2542902,19.034146,"Stark, Reichel and Prosacco",,,Chodów
-14.65067,-75.0634,Simonis-Reinger,,,El Ingenio
-7.6608184,111.0892601,Grimes-Lindgren,,,Karanglo
-8.1448805,-79.0517936,Johns Group,,,Buenos Aires
15.2402083,-91.8440552,Graham Group,,,Concepción Tutuapa
49.4023766,20.3031211,Shanahan and Sons,,,Niedzica
51.848898,-8.298942,Krajcik LLC,,,Cobh
33.1401715,119.7889248,"Torp, Brakus and Skiles",,,Jianggu
32.851086,129.9478595,O'Reilly-Dare,,,Isahaya
52.2902011,22.4724915,Mann-Thompson,,,Paprotnia
44.3287491,-76.1635651,Casper-Stokes,,,Gananoque
14.4437531,102.8514837,"Wuckert, Luettgen and McClure",,,Lahan Sai
34.888685,111.607282,Grady-Wiza,,,Bailang
49.8693962,18.7571935,Rempel Group,,,Drogomyśl
10.1819305,-67.5082709,Padberg LLC,,,Santa Cruz
55.6819664,12.58084,Reilly Inc,,,København
19.5473723,-71.7296249,Maggio-Osinski,,,Ouanaminthe
14.93305,-23.5133267,Beer-Greenholt,,,Praia
30.572815,104.066801,Ryan and Sons,,,Chenhu
-6.9948481,108.5465973,Bergstrom-Kub,,,Manis Mekarwangi
56.968436,-2.2508745,"Kertzmann, Okuneva and McDermott",,,Aberdeen
30.63963,114.385538,Greenholt Group,,,Qingshan
-7.3788331,112.8165095,Zieme Inc,,,Banjarkemuning
37.0938859,-7.8946433,Harvey and Sons,,,Estoi
1.05,118.8,Fritsch-O'Kon,,,Talok
9.2610914,0.7770529,"Wilkinson, Hermann and Windler",,,Bassar
-34.6337798,-58.5541599,"Breitenberg, Macejkovic and Upton",,,San Roque
-6.7347875,111.4648515,"Bartoletti, Konopelski and Hane",,,Gemblengmulyo
38.7374207,-9.3390593,Witting-Blanda,,,Trajouce
31.203196,119.301861,"Hermiston, Corwin and Walker",,,Lingda
9.8741891,-84.0605696,"Rolfson, Kuphal and VonRueden",,,San Miguel
54.2315533,18.7647749,Anderson-Dach,,,Suchy Dąb
25.329044,118.270238,Larkin-Moore,,,Wulijie
54.6041651,24.0304672,Schroeder Group,,,Birštonas
28.5553263,68.2132128,Ward-Hoppe,,,Quetta
29.8867778,-95.549054,McLaughlin LLC,,,Harrison
55.6602448,37.5157102,"Rohan, Conn and Kris",,,Nadezhda
14.8548457,105.0791228,"Hegmann, Murazik and Ruecker",,,Det Udom
42.7066497,23.3067353,Bechtelar-Konopelski,,,Aytos
59.3362401,18.0232365,O'Reilly-Walker,,,Stockholm
41.4716583,-8.3564179,Robel-Romaguera,,,Sande Vila Nova
-8.7597358,120.9905,Mitchell and Sons,,,Naru
34.8330915,137.230017,"Little, Tromp and Gibson",,,Gamagōri
36.837625,112.864561,Beer-Erdman,,,Wuxiang
2.1701072,21.4872092,Kassulke-Casper,,,Lisala
11.3675415,106.1192802,Ortiz and Sons,,,Tây Ninh
51.9850245,4.3871967,Marquardt and Sons,,,Delft
9.96752,-84.001624,Stamm LLC,,,Ipís
21.4692055,101.799742,Dickens-Lindgren,,,Ban Houakhoua
46.0972432,-77.494026,"Krajcik, Dickens and White",,,Deep River
-34.5023286,-58.6661711,Brakus Group,,,Rosario
49.7582153,21.3418674,Grady-Ullrich,,,Skołyszyn
37.3326639,-121.8918364,Harber-Toy,,,San Jose
36.7333193,9.1843676,"Walker, Shanahan and Schoen",,,Béja
34.540852,109.44096,"Kertzmann, Dach and Kulas",,,Baiyang
48.294118,4.0675057,"Heaney, Funk and Sawayn",,,Troyes
-7.1785873,-76.6889136,"Frami, Price and Daniel",,,Pajarillo
60.1512028,15.1735854,"O'Kon, Satterfield and Zulauf",,,Ludvika
-7.3260543,108.3655011,Howe-Lockman,,,Banjar Kertasari
40.4531669,50.089775,Fisher-Shields,,,Biny Selo
10.0566953,-65.0394139,Adams-Stroman,,,Píritu
-0.3372032,103.3702811,"Crooks, Pacocha and Moen",,,Sapat
13.7506463,100.5326139,Hammes and Sons,,,Phaya Thai
47.6103189,41.499569,Ortiz-Moen,,,Nikolayevskaya
48.1475145,37.297136,Cole-Collier,,,Selydove
39.7057277,-8.5339148,Torphy-Heller,,,Caxarias
41.3456622,23.9060624,Lueilwitz-Reichel,,,Káto Nevrokópi
46.4054155,16.4201451,"Walsh, Upton and Satterfield",,,Šenkovec
-28.183771,23.5609459,Schaden-Predovic,,,Daniëlskuil
53.719155,-6.3422325,"Jast, Kozey and Abshire",,,Sandyford
29.235797,111.083598,Carroll-Langworth,,,Longtanhe
21.857958,111.982232,"Farrell, Erdman and Stamm",,,Dengjiang
22.270978,113.576677,Aufderhar LLC,,,Zhuqi
31.6095648,64.4082082,Herman LLC,,,Lashkar Gāh
30.679359,104.011664,Schumm LLC,,,Jinsha
36.661223,136.9664664,Nolan LLC,,,Sendai
-13.7557949,-172.3051657,"Jacobi, Green and Schmitt",,,Vailoa
-0.5133517,166.9484624,Veum and Sons,,,Anabar
49.0109213,42.1212513,Jones Group,,,Sovetskaya
-6.8497713,108.64553,"Mann, Hoeger and Spencer",,,Karangsembung
40.3705555,44.5964855,"Kihn, Purdy and Morissette",,,Argel
17.2356186,120.4796351,Kub and Sons,,,Banayoyo
29.60095,121.685484,Hackett-Russel,,,Song’ao
64.9119853,25.5142484,Stanton Group,,,Kempele
46.4044239,14.1375549,"Lubowitz, Reichel and Pouros",,,Žirovnica
31.154122,114.728689,Wintheiser and Sons,,,Zengfu
35.218292,106.653158,Terry-Doyle,,,Huating
67.1355975,20.6859936,Kautzer Inc,,,Luleå
30.397162,120.855089,Schuppe Inc,,,Ganpu
18.0193171,-76.9758274,Hagenes and Sons,,,Spanish Town
35.4441266,136.3420789,"Altenwerth, Schaden and Schultz",,,Tokuyama
38.8099385,-104.7599648,Simonis-Jakubowski,,,Colorado Springs
43.0414757,44.5711774,King-Treutel,,,Gizel’
28.46763,119.922796,Stroman LLC,,,Lishui
66.2185015,23.0524409,Kuhic-Daniel,,,Överkalix
27.5828698,85.5097226,Mayer and Sons,,,Panaoti
34.8643622,138.315371,Spencer-O'Kon,,,Yaizu
31.89609,35.08178,Kihn-Waters,,,Bayt ‘Ūr at Taḩtā
31.221062,121.436555,"Runolfsdottir, Rutherford and Pacocha",,,Xiaolong
-11.5254018,-75.8984154,McClure-Reinger,,,La Oroya
55.3851413,39.0323223,Aufderhar-Little,,,Yegor’yevsk
43.525311,125.664662,Jakubowski-Bernhard,,,Shuangyang
-10.8531643,-37.1269791,Prohaska-Funk,,,Nossa Senhora do Socorro
47.3842312,8.5324101,Romaguera-Nienow,,,Zürich
37.8904348,-25.8207556,"Crist, Crooks and Hamill",,,Mosteiros
50.2568193,31.781765,Labadie-Runolfsson,,,Yahotyn
14.635507,121.0154848,Batz-Gislason,,,Dagupan
42.5387912,26.6831949,Weimann Group,,,Straldzha
23.212853,103.952615,"Bahringer, Wisoky and Powlowski",,,Xiaopingba
16.9075213,96.5623251,Frami-Davis,,,Kayan
53.8964099,16.8352157,"Rippin, McDermott and Brown",,,Biały Bór
48.6277459,2.4381665,"Keebler, Hagenes and Kassulke",,,Évry
34.8389466,134.7007309,Smitham LLC,,,Takedamachi
43.4945737,5.8978018,"Harris, Daugherty and Krajcik",,,Paris 13
52.8801,40.5526,Lehner-Trantow,,,Zavoronezhskoye
26.201227,105.480028,"Bogan, Labadie and Stokes",,,Liuzhi
51.11327,18.21114,Rau-Fahey,,,Byczyna
13.2063104,-16.3037052,"Wisozk, McLaughlin and Heller",,,Somita
51.7480675,20.3872239,"Spinka, Mosciski and Wilderman",,,Regnów
-7.6966822,110.6129124,Stokes LLC,,,Krajan Kinanti
8.9172672,17.5505152,"Oberbrunner, Zboncak and Schuppe",,,Koumra
6.5905816,-73.1526623,Hauck LLC,,,San Gil
30.310011,120.348422,"Kemmer, Kerluke and Nicolas",,,Xiasha
39.100057,-84.3680059,Dooley-Kassulke,,,Cincinnati
48.4907371,22.8097434,"Roberts, Bechtelar and Koch",,,Chynadiyovo
44.95015,-65.0655,"Mueller, Kunze and Rice",,,Middleton
13.6132538,100.8282161,Kemmer and Sons,,,Bang Sao Thong
37.499972,105.196902,Trantow-Senger,,,Zhongwei
63.1724708,14.5922703,Koepp Inc,,,Frösön
23.259479,113.824887,Jacobson-Lubowitz,,,Shijiao
37.868872,116.144417,"Fay, Kshlerin and Cassin",,,Fucheng
9.3090846,15.7938069,Lakin Inc,,,Kelo
55.7452926,24.3713362,Bins-Abbott,,,Panevėžys
34.407966,108.347731,Kuvalis LLC,,,Xuelu
52.6782617,22.4981661,"Krajcik, Purdy and Raynor",,,Ciechanowiec
28.0896014,108.7986202,Kuhic Inc,,,Wuluo
-28.292455,-49.9375873,Konopelski Group,,,São Joaquim
31.293061,111.207071,Connelly-Ratke,,,Zhangcunping
-8.7433,121.7445,Roberts-Stiedemann,,,Wolomoni
23.396201,103.364905,Windler Group,,,Mengzhai
-7.1194958,-34.8450118,Wyman Inc,,,João Pessoa
31.411847,108.472893,"Abernathy, Lebsack and Conn",,,Heqian
50.2373675,15.6327653,Wehner LLC,,,Nechanice
-37.786693,175.282269,Schmidt-Schamberger,,,Hamilton
-7.3742259,108.4454089,Franecki-Abshire,,,Cimaragas
33.3128057,44.3614875,Moen-Jaskolski,,,Baghdad
35.00394,104.634983,Kuhlman and Sons,,,Longxi
40.4749958,22.9587865,Terry and Sons,,,Plagiári
39.958194,116.432774,Durgan LLC,,,Liufang
40.5963905,19.7383332,Yost Inc,,,Ballsh
0.2118181,100.0024084,Friesen-Bahringer,,,Talu
51.0768632,22.2730418,"Crooks, Bernhard and Feeney",,,Borzechów
-8.1058258,156.8349986,Mann-Sipes,,,Gizo
43.8227415,18.2051201,Sauer LLC,,,Hadžići
42.5572675,20.3027502,Parisian-Dickinson,,,Isniq
33.8761249,7.8803236,Jenkins-Pfannerstill,,,Nefta
-6.971678,107.5845418,Stanton Inc,,,Sukamenak
34.293171,108.946651,Feil and Sons,,,Weiyang
-24.2670414,-52.7241914,Kshlerin-Murray,,,Boa Esperança
52.6235765,14.6349097,"Greenholt, Terry and Langworth",,,Kostrzyn nad Odrą
-7.4720926,108.6324073,Yost and Sons,,,Sindanghayu
15.9814118,120.8071339,Auer-Hessel,,,Cabalaoangan
28.79188,98.397783,Lehner-Bradtke,,,Erong
42.6978209,23.3245641,Gibson and Sons,,,Sofia
12.5640276,123.7304111,Grant Group,,,San Jacinto
4.7378613,22.8165095,"Tromp, Goodwin and Rutherford",,,Bangassou
48.8493975,2.4751086,"Blanda, Windler and Lemke",,,Fontenay-sous-Bois
-16.7159055,-43.8616129,"Durgan, Treutel and Reinger",,,Montes Claros
57.767136,24.8770839,"Kiehn, Maggio and Upton",,,Aloja
-21.4649238,-47.0145295,"Williamson, Grady and Ankunding",,,Mococa
21.918203,110.853299,Jakubowski LLC,,,Gaozhou
41.183785,112.375015,Ryan-Crooks,,,Wulan Haye
40.0634518,44.4410909,Nicolas LLC,,,Masis
48.6765178,38.0990815,"Koelpin, Collins and Torp",,,Soledar
42.8038334,-1.6894332,Keeling-Bergnaum,,,Pamplona/Iruña
52.4630512,-113.7286241,Windler Group,,,Lacombe
22.180668,109.356166,"Pfannerstill, Bayer and Johns",,,Shaping
25.454084,119.007777,Dare Group,,,Lutian
44.043297,129.359811,"Daugherty, Russel and Reynolds",,,Hengdaohezi
56.07458,92.8703415,Schneider Group,,,Prokhladnyy
-19.8205316,-40.2768213,Rogahn-Yundt,,,Aracruz
-29.4933611,-63.6964035,Prosacco-Donnelly,,,Villa Ojo de Agua
-7.6044869,109.5068254,Senger and Sons,,,Potongan
28.663694,118.534841,Moore Group,,,Hecun
-8.7698185,121.3312882,Langosh and Sons,,,Nangaroro
57.6864243,11.9202689,Fahey LLC,,,Göteborg
0.3144046,32.9888319,"Greenholt, Thompson and Cronin",,,Buikwe
-18.998706,-47.058302,Gibson-Nienow,,,Patrocínio
30.945515,117.81154,Weimann Inc,,,Tonglin
31.6903638,-106.4245478,Feest Inc,,,Juarez
59.1477457,10.1916192,Schneider Group,,,Sandefjord
24.385642,102.554313,"Bailey, Huels and Halvorson",,,Liqi
49.7744492,17.7494174,Koepp Inc,,,Vítkov
50.3256947,20.2370492,Feil Inc,,,Racławice
-20.9475888,-44.913073,Bradtke Group,,,Santo Antônio do Amparo
46.1168407,39.3008199,Schuppe Group,,,Krylovskaya
43.4945737,5.8978018,Sauer-Hyatt,,,Paris 07
-8.5324,115.1246,Hermann Group,,,Banjar Jambe Baleran
3.9990545,96.9638624,Lind-Waelchi,,,Terangun
47.49116,3.91302,"Harber, Veum and Bergstrom",,,Avallon
-1.2920659,36.8219462,Hand-Brown,,,Nairobi
36.8603732,137.4284822,Graham Inc,,,Inuyama
48.2113225,26.3003025,Berge-Okuneva,,,Marshintsy
6.9342148,79.8919811,Jaskolski-Beer,,,Kolonnawa
59.6488946,12.5872695,Stark Group,,,Arvika
13.0748879,120.7213113,Beatty-Stark,,,Santa Cruz
-6.8180048,111.2695981,"Ruecker, Simonis and Tillman",,,Kedungtulup
-7.3639966,108.3207992,"Legros, Beahan and Kuphal",,,Manonjaya
-6.6656231,106.3438367,Hermiston-Collins,,,Cikuning
-38.2326538,-72.3515084,"Corwin, Predovic and Johnston",,,Victoria
8.972681,125.408732,Smith LLC,,,Buenavista
19.6686032,-72.1268032,Walter and Sons,,,Limonade
51.3870782,28.8660119,Crona-Gulgowski,,,Pershotravneve
55.2273044,27.4650969,Dickens-Maggio,,,Mosar
43.1971197,43.9157627,Hagenes-Rempel,,,Chikola
-7.7830972,112.3188749,Smith and Sons,,,Kasembon
51.2150482,19.5968399,Medhurst-Cartwright,,,Gorzkowice
35.9469003,140.1961209,"Bahringer, Carter and Terry",,,Ryūgasaki
38.8053078,-9.2279436,Lesch-Nitzsche,,,Casal de Cambra
35.744798,96.4077358,O'Kon-Weber,,,Qinghu
14.4990116,-89.6526107,"Braun, Jast and Keebler",,,Agua Blanca
31.2303904,121.4737021,"Spencer, Schinner and Ruecker",,,Shanggu
38.408587,28.385948,Towne Inc,,,Yeniköy
43.7441795,2.511999,Bruen-Larkin,,,Marseille
13.6855601,100.444639,"Terry, Fahey and Williamson",,,Ban Thai Tan
53.5879156,-6.1884248,Wilkinson-Ratke,,,Balrothery
-15.3238812,-54.8731219,"Wisozk, Rogahn and Kihn",,,Campo Verde
24.1092009,117.1199596,Altenwerth LLC,,,Daxi
10.3753838,123.9555544,Cremin-Harber,,,Consolacion
-8.1545561,113.1981987,Mayert Inc,,,Kebonsari Kidul
-9.824074,-77.726913,"Leffler, Waters and Crist",,,Coris
-14.23592,-72.629868,Lindgren and Sons,,,Turpay
50.2416453,14.310645,Welch Group,,,Kralupy nad Vltavou
-6.9140488,107.6050316,"Huels, Auer and Block",,,Kebonkaret
20.3719163,-76.6297189,"Grimes, Feeney and Ritchie",,,Bayamo
28.4380408,-11.0987374,Ledner LLC,,,Tan-Tan
51.5076941,18.1208003,Ortiz-Rohan,,,Grabów nad Prosną
18.0089836,-76.782702,Barton-Weimann,,,New Kingston
40.547653,81.280527,Howell-Sporer,,,Aral
26,99.8333333,Abernathy and Sons,,,Cangshan
41.2600249,-8.6465086,Toy-Boyer,,,Monte do Outeiro
32.101031,114.125656,Bruen Inc,,,Pingqiao
45.3095043,-74.0590779,Roberts-Pfannerstill,,,Les Cèdres
6.9787414,79.9310946,Stoltenberg and Sons,,,Shanjeev Home
39.4472756,45.2771033,Deckow-Koepp,,,Çalxanqala
55.5674405,71.358565,Ernser-Larson,,,Nazyvayevsk
-6.4024844,106.7942405,Torphy and Sons,,,Delok
-45.8405005,-67.4686475,Dare LLC,,,Comodoro Rivadavia
33.170904,115.623491,Little Inc,,,Taihe Chengguanzhen
48.3842974,25.5058522,"Wunsch, Hahn and Prosacco",,,Vashkivtsi
37.520481,115.251124,Schaden-Willms,,,Xinhe
26.480043,113.778639,"Ullrich, Corkery and Schulist",,,Xiayang
9.3847618,-73.3001233,"DuBuque, Heller and Ziemann",,,Chiriguaná
50.4406629,20.938154,"Paucek, Rohan and McDermott",,,Stopnica
48.922709,2.3425328,"Bernier, Feil and Hodkiewicz",,,Saint-Denis
-20.488399,27.8018337,Terry-Nader,,,Plumtree
26.629211,101.266195,Tremblay LLC,,,Huaping
-0.2467982,109.6163185,Breitenberg Inc,,,Sungai Raya
13.2747943,-16.6409198,Hagenes and Sons,,,Brikama
39.942418,116.725642,Gutkowski Inc,,,Shuren
45.020739,14.6315962,Kautzer Inc,,,Punat
25.6872431,32.6396357,Bradtke-McKenzie,,,Luxor
-20.2530617,-43.8030567,Schulist LLC,,,Itabirito
31.238854,121.331694,"Bernier, Trantow and Lynch",,,Jiangqiao
51.9500617,6.3130893,White-Beer,,,Doetinchem
-33.4891416,151.3248343,Mayert LLC,,,Yi’an
-34.5474534,-58.5230816,Gottlieb-Bergstrom,,,Villa Santa Rosa
40.5974058,19.8082799,Durgan-Davis,,,Aranitas
49.9592267,20.6436082,"Schuster, Boyle and O'Connell",,,Jadowniki
-10.5102117,-37.0530033,"Huels, Gulgowski and Weimann",,,Capela
39.0800897,-8.7620955,Green-Pouros,,,Valada
27.8436202,-82.7036033,"Runolfsdottir, Herzog and Macejkovic",,,Pinellas Park
40.6236168,47.7403034,"Friesen, Green and Wuckert",,,Geoktschai
10.7521356,122.5306125,Ziemann LLC,,,Fuerte
9.9241833,123.9181504,Abshire-Cartwright,,,Matabao
6.009544,80.780153,"Ritchie, Weissnat and Lueilwitz",,,Tangalla
29.482105,86.228141,Gutkowski and Sons,,,Jiangzhang
-23.4739979,-53.088539,"Graham, Braun and Jacobi",,,Nova Olímpia
35.3350072,129.0371689,Lehner-Muller,,,Yangsan
45.5787215,-72.001055,D'Amore and Sons,,,Windsor
5.9779631,-0.0886948,Fay-Reynolds,,,Akropong
50.1327056,18.1543922,Gerlach LLC,,,Rudnik
8.0419777,125.1086998,Block-Crist,,,Bugcaon
17.9309007,103.1279039,"Bartell, Schmeler and Boyer",,,Phonphisai
38.0409665,140.1253371,"Stehr, Hauck and Powlowski",,,Sakai
49.0410029,16.9171327,Jenkins Group,,,Dambořice
30.198506,119.497769,Wisoky-Schroeder,,,Zaoxi
29.689847,121.28259,"Kemmer, Fisher and Johnston",,,Xikou
30.914922,118.334359,Towne and Sons,,,Nanling
6.61476,8.0410634,Rogahn Group,,,Effium
-6.4086821,106.7241166,"Wisozk, Mayert and Kuhn",,,Jeong
22.2016816,-97.8367954,Purdy Inc,,,Benito Juarez
38.777855,-27.168076,"Daugherty, Kertzmann and Kunde",,,Agualva
51.758626,19.3010614,Schaden-Howell,,,Konstantynów Łódzki
44.639079,85.784329,Schimmel-Lebsack,,,Laoshawan
20.7595709,-103.427389,Tromp Group,,,El Zapote
27.318852,115.444319,Hoppe Inc,,,Yongfeng
13.5115963,2.1253854,Oberbrunner and Sons,,,Niamey
34.361988,108.737212,Crona-Mraz,,,Weicheng
26.6732151,-81.8181961,Stiedemann Group,,,Fort Myers
34.1672881,-118.153228,Predovic-Braun,,,Pasadena
49.9194173,27.7666835,Friesen-Rogahn,,,Lyubar
45.9974545,13.5270951,Corwin-Gerlach,,,Dobrovo
-4.1615016,-40.7511885,Kreiger-Pagac,,,Guaraciaba do Norte
47.2320539,39.5359498,Wilderman LLC,,,Likhoy
60.6152048,15.6527231,Collins-Kerluke,,,Falun
-9.7464338,124.4309165,"Pacocha, Brekke and Pfannerstill",,,Oepula
41.860976,-8.8225193,"Bernhard, Hagenes and Hyatt",,,Vilarelho
41.1694718,75.8098141,Brakus Group,,,At-Bashi
13.0930867,7.2248378,Klein Group,,,Jibiya
39.202804,113.117269,D'Amore-Carter,,,Huyu
14.4324917,102.4265952,"Gusikowski, Doyle and Halvorson",,,Soeng Sang
59.3664053,17.8763622,Keeling Group,,,Vällingby
-8.0925,111.9417,Bosco-Medhurst,,,Bendilmuning
6.426373,101.277052,Nitzsche Group,,,Krong Pi Nang
53.1517598,49.8698614,"Boehm, Borer and Ledner",,,Novokuybyshevsk
-21.7096172,-47.4696376,Adams LLC,,,Santa Rita do Passa Quatro
13.336458,121.275353,Balistreri and Sons,,,Nagiba
43.897258,89.939332,"Mann, Mills and Emard",,,Yushugou
30.9127987,121.9104961,Lakin LLC,,,Qiqing
10.149672,123.279336,Boyer LLC,,,Malusay
5.0378453,21.2099808,"Mohr, Purdy and Bauch",,,Alindao
39.1392555,-8.6756761,Welch Group,,,Cortiçóis
9.9748039,-84.0322316,Fadel-Dietrich,,,San Vicente de Moravia
26.3705389,118.2323381,"Trantow, Schneider and Schneider",,,Tadou
49.981736,16.5730485,"Moore, Mosciski and Bruen",,,Dolní Čermná
48.9741782,2.5130988,"Kshlerin, Cremin and Kohler",,,Avon
51.9204659,15.1155372,"Jerde, Hoppe and Sporer",,,Bobrowice
55.5292,42.2003001,Rowe-Schumm,,,Navashino
-34.7097222,-58.3240611,Rath Inc,,,General Villegas
41.16861,21.4825,Hauck Inc,,,Dobruševo
33.5282289,55.0396912,Reichel and Sons,,,Garmeh
46.8439197,-1.8718358,Haag Group,,,Challans
43.3117995,129.7690775,Donnelly-Gutmann,,,Lindong
48.433225,123.220598,Marquardt-Beatty,,,Bayan Tuohai
34.0313411,131.3494901,Crona-Predovic,,,Sayama
50.0901553,14.5640162,Turner-Kirlin,,,Hostavice
15.6147646,-89.8052964,Purdy Group,,,Cahabón
46.398418,124.891039,Leannon LLC,,,Honggang
55.7483994,37.8009297,Swaniawski-Fadel,,,Novogireyevo
6.6644629,2.1597595,"Volkman, Kris and Labadie",,,Allada
14.5679735,121.0210496,Schuppe-Abernathy,,,Infanta
26.641774,118.17771,Waters Inc,,,Nanping
59.3851719,17.9172006,Ebert-Rau,,,Spånga
23.701262,117.430061,Roberts-Brown,,,Dongshan
8.1180013,123.9864049,Lesch-Jakubowski,,,Maigo
44.7739151,34.5968895,Fahey-Bernhard,,,Rybache
16.237173,-61.528372,Deckow Group,,,Pointe-à-Pitre
8.6632814,38.2163717,Torp-Harvey,,,Tulu Bolo
12.5200531,124.5372661,Erdman Inc,,,Bobon
19.8022278,-98.7067059,Daugherty Inc,,,San Felipe
42.76631,129.427066,Considine LLC,,,Longjing
48.7057309,2.2186743,Buckridge-Luettgen,,,Palaiseau
45.1839187,18.8237103,"Altenwerth, Lind and Ullrich",,,Privlaka
58.1483629,24.9513595,"Conn, Hamill and Turner",,,Kilingi-Nõmme
30.385605,116.96943,Veum-Schaefer,,,Baizhifang
47.6120759,-122.1112721,Prosacco-Braun,,,Bellevue
24.347782,116.695195,Bogisich-Bruen,,,Dabu
29.549889,114.833005,"Simonis, Hickle and Weimann",,,Luo’ao
45.5426102,40.4010024,Buckridge and Sons,,,Mirskoy
59.7335648,30.3837772,Zieme-Schmeler,,,Aleksandrovskiy Zavod
38.0324108,114.6843819,"McGlynn, Stiedemann and Williamson",,,Hejia
49.6556075,6.1360677,Littel-Wisozk,,,Walferdange
44.5284238,15.0728705,Waelchi-Littel,,,Karlobag
19.242837,-71.531084,Schowalter Inc,,,Río Limpio
9.2228301,3.2005641,"Gutkowski, Bailey and Schaefer",,,Okuta
47.1263592,28.8905763,"Cummerata, Becker and Leannon",,,Ciorescu
31.1561051,112.5399959,"Rippin, Hayes and Heller",,,Buhe
25.0830926,89.7853218,"Jast, Mayert and Conn",,,Jamālpur
2.7991084,44.0793911,Rau LLC,,,Buur Gaabo
5.746649,-75.977569,Walker and Sons,,,Betania
-31.3266229,-64.2603216,Pouros and Sons,,,Italó
6.6448093,1.7198215,"Collier, O'Reilly and Botsford",,,Lokossa
13.0748879,120.7213113,Gutkowski Group,,,Santa Cruz
15.77511,108.1665855,"Stoltenberg, Stracke and Bartoletti",,,Duy Xuyên
55.9576019,36.2249059,Stehr-Rippin,,,Sychëvo
6.9130451,-73.9712488,"Terry, Hodkiewicz and Parker",,,Barrancabermeja
14.5024732,120.9921722,Stehr-Lockman,,,Mabini
-20.5907049,17.4588131,"Stroman, Bailey and Miller",,,Okakarara
48.6511908,6.481599,"Jerde, Nicolas and Abshire",,,Lunéville
53.0903178,8.9354031,Hilll-Glover,,,Bremen
37.9761732,22.7599084,O'Reilly-Schaefer,,,Vélo
30.9128,30.29018,"Considine, Hintz and Jakubowski",,,Ḩawsh ‘Īsá
15.4726227,-86.2945627,Parisian Inc,,,Tepusteca
10.668154,125.042795,Kiehn-Wehner,,,Abuyog
-7.3314,108.0665,Mosciski-Gusikowski,,,Rancapeundey
61.0390194,30.1341099,Harvey-Simonis,,,Priozërsk
8.7069226,-82.4861053,Crist Inc,,,Potrerillos Arriba
42.0732393,42.8212218,"Hackett, Doyle and Leannon",,,Bagdadi
33.868434,113.054801,Abshire-Wiegand,,,Baofeng
55.601379,36.4655267,"Wiza, Dare and Auer",,,Chuchkovo
49.6101863,14.9063338,"Boyle, Leannon and Nitzsche",,,Načeradec
33.4049794,49.6962428,Tremblay-Mueller,,,Alīgūdarz
55.3767331,13.1451742,Mertz Group,,,Trelleborg
-34.5903044,-58.4985279,"Thompson, Satterfield and Reilly",,,Famaillá
40.9515138,-8.5904113,Crooks-Emmerich,,,Quinta
51.7597721,17.1196937,Windler-Metz,,,Pępowo
49.9535113,16.8819389,"Shanahan, Metz and Thiel",,,Bohutín
6.551367,-74.787294,Hilll-Hane,,,Maceo
23.1343601,-82.3533266,Roberts-Price,,,La Habana Vieja
16.3407314,121.7646503,"Farrell, Kassulke and Lynch",,,Maddela
59.5495402,16.5190048,Hand and Sons,,,Västerås
44.3200232,15.1873721,"Cruickshank, Stracke and Littel",,,Smokvica
53.719155,-6.3422325,Mosciski-Weissnat,,,Sandyford
29.344253,104.069087,Sipes-Stanton,,,Zhuozishan
31.533333,-4.466667,"Hamill, Dietrich and Streich",,,Fezna
-29.6216078,-50.534262,Mertz-Reynolds,,,Rolante
32.81236,35.258613,Hand-Wolf,,,Kafr Mandā
58.5370785,15.0077799,"Kuhn, Conroy and Yundt",,,Motala
42.1119268,44.9672863,Ruecker LLC,,,T’ianet’i
45.126841,-0.662941,Keeling LLC,,,Blaye
42.4643438,-83.4056438,"Lang, Smitham and Steuber",,,Farmington
-8.6741659,-35.7188463,Corwin Group,,,Catende
38.2122481,140.3246377,Cronin Group,,,Iida
42.6995493,24.0846607,Roob Inc,,,Chelopech
47.3994896,40.1860046,Graham-O'Conner,,,Krivyanskaya
39.7794767,-86.1700894,Casper and Sons,,,Indianapolis
22.000143,100.771678,Koss-Jones,,,Jianghong
50.0620325,35.1582225,"Bosco, Torp and Muller",,,Krasnokuts’k
55.7558852,37.8775383,Boyer-McGlynn,,,Vostochnyy
-33.5339107,-58.2177722,"Johns, Friesen and Bergstrom",,,Dolores
54.4398875,16.3827955,Waters Inc,,,Darłowo
43.9771937,42.974641,"Klein, Kautzer and DuBuque",,,Yutsa
31.364902,108.249509,O'Reilly-Kilback,,,Gaoqiao
13.6256926,123.1848939,Bernier-Smitham,,,Aranas Sur
-16.7918481,47.6479775,Kuvalis and Sons,,,Tsaratanana
-7.9551186,-79.2394761,Grant Group,,,Santiago de Cao
39.533815,117.197903,Wuckert-Williamson,,,Cuihuangkou
30.3619359,51.1611537,Sanford LLC,,,Bāsht
23.02299,113.1039,Schoen Group,,,Shiwan
-36.8537995,174.7573811,"Lind, Walter and Schamberger",,,Nelson
56.2716397,12.8632487,Grady-Becker,,,Ängelholm
57.0408915,24.0131821,"Mueller, Weissnat and Quigley",,,Daugavgrīva
41.267244,123.236944,Pagac-Heidenreich,,,Liaoyang
50.03197,17.0405873,"Durgan, Harber and Hand",,,Velké Losiny
54.1451,45.1444,Corkery Inc,,,Nikolayevka
44.151742,125.8395731,O'Keefe-Willms,,,Jiutai
16.0166339,121.0368351,Lesch-Kulas,,,Nagpandayan
-8.1658601,111.7763713,Rowe Group,,,Mergayu
-7.3862,108.2323,Von-Crona,,,Gegernoong
59.2830988,18.033347,"Hauck, Satterfield and Zboncak",,,Älvsjö
-7.5450262,111.6556388,"Yundt, Mertz and Bednar",,,Krajan
49.9176763,18.3509727,Friesen Inc,,,Starý Bohumín
46.5448561,15.0941863,McCullough-Walker,,,Pameče
33.685735,-5.3677844,Thiel Inc,,,El Hajeb
46.3919813,15.5727869,Lemke-Roob,,,Slovenska Bistrica
27.114252,105.908525,Hilll-Effertz,,,Shiban
-7.6145292,110.7122465,Goyette-Hermann,,,Jawa
44.5241667,129.5688889,Yundt Inc,,,Hailang
45.1181926,21.2944883,Nicolas-Gerlach,,,Vršac
52.286684,104.292306,"Gleichner, Veum and Douglas",,,Ivot
51.876873,-8.5171384,Schneider Inc,,,Farranacoush
38.5904096,-8.9994843,Rolfson LLC,,,Pinhal da Marquesa
52.2283049,21.355139,Kreiger Inc,,,Halinów
44.596097,129.591591,"Oberbrunner, Marquardt and Hettinger",,,Aimin
16.0173268,-85.9585544,"Langworth, Veum and Weimann",,,Puerto Castilla
-15.4524821,-47.6093177,Johns LLC,,,Planaltina
22.1461138,-78.9712451,Hansen and Sons,,,Florencia
24.8689579,67.0043278,Runolfsson-Cole,,,Kalāt
-0.5083679,-48.6388879,Boyle Inc,,,Soure
-24.0860329,-46.8640458,"Leannon, Hansen and Zboncak",,,Itanhaém
39.4591,-8.6671695,Jerde Inc,,,Alcanena
16.6969748,121.5594587,"Kulas, Feil and Schneider",,,Carig
40.9676726,126.5990916,Schmidt-Kunze,,,Kanggye-si
-6.2829488,107.0833701,Kemmer and Sons,,,Cibitungmasjid
-15.0364493,40.7323311,"Pouros, Yost and Terry",,,Ilha de Moçambique
45.6408779,20.4256633,Rogahn-Thompson,,,Bašaid
29.444529,121.04024,"Walsh, Kihn and Hilpert",,,Dashiju
1.1607823,34.2866091,Pagac-Schmitt,,,Sironko
11.7447935,12.1818557,Ferry Group,,,Dankalwa
5.759368,-73.91453,Murray-White,,,Albania
38.6530409,-8.9285486,Bruen Inc,,,Fonte da Vaca
-10.9588216,-38.7897587,Swift Inc,,,Tucano
0.5142775,35.2697802,"Moen, Fay and Russel",,,Eldoret
48.6429165,124.5597559,"Beier, Keebler and Ziemann",,,Dengteke
48.9194633,2.2987001,Dibbert and Sons,,,Gennevilliers
-8.5314465,118.7780987,"Gerhold, Berge and Connelly",,,Ntonggu
37.1893492,119.9569362,"Conroy, Okuneva and Okuneva",,,Sanjiazi
-25.6221943,-54.5655489,Barrows-Dooley,,,Colonia Wanda
30.742803,120.48806,"Waelchi, Orn and Purdy",,,Houzhen
-6.6038889,107.0527778,Waelchi-Kihn,,,Gunungbatu
7.9601788,-6.6745042,"Reichert, Trantow and Klein",,,Séguéla
56.1060907,38.1392419,Bergnaum-Rempel,,,Krasnoarmeysk
32.26101,118.809786,Davis and Sons,,,Changlu
-8.0109832,112.700315,Hills-Keeling,,,Kambingan
59.2980063,18.0669126,Baumbach Group,,,Årsta
-18.1442811,49.3957836,Crist-O'Kon,,,Toamasina
47.1117538,96.6716809,"Stanton, Schneider and Wisoky",,,Tsagaanchuluut
24.6613135,102.3589828,"Hermann, Bauch and Anderson",,,Yuezhao
-12.9406805,-76.3984537,"Nitzsche, Wiza and Schmitt",,,Quilmaná
41.5979563,44.0946881,Hyatt-Reichert,,,Tsalka
-32.7021934,-57.6382382,King and Sons,,,Young
36.545015,104.138586,Kohler LLC,,,Baiyin
49.9513027,20.3412605,Hauck-Sawayn,,,Łapczyca
-27.8942891,31.6454222,"Doyle, Thompson and Feil",,,Nongoma
49.8232218,21.3934539,Sipes-Pacocha,,,Brzyska
14.156592,122.830067,Bartell Inc,,,Labo
51.2781803,20.4380252,Quigley Inc,,,Gowarczów
40.4770427,-79.9571907,"Herzog, Cole and Wilkinson",,,Lawrenceville
14.6861696,120.9975866,Mraz-Purdy,,,San Gregorio
-37.7912944,-58.8489331,Stracke Inc,,,La Tigra
30.3659761,50.7936301,"Graham, Heller and Kohler",,,Dogonbadan
50.322121,16.2852974,"Reichel, Lehner and Harris",,,Dobřany
-6.3079232,107.172085,Medhurst Inc,,,Cikarang
-3.6130091,102.6675575,"Runolfsdottir, Smith and Breitenberg",,,Kepahiang
31.248842,88.417003,Weissnat-McLaughlin,,,Jiaqu
40.01833,127.45472,Hahn Group,,,Yŏnggwang-ŭp
31.269454,95.63196,Mills and Sons,,,Duru
40.142128,94.661966,Donnelly and Sons,,,Dahuang
52.2597944,21.94731,Barton LLC,,,Grębków
8.1831476,124.1949463,"Huels, Russel and Kemmer",,,Maria Cristina
45.9469236,20.1591006,Sporer Inc,,,Čoka
-22.8824635,30.1454694,"Rogahn, Grant and Rohan",,,Musina
